<?xml version="1.0" encoding="UTF-8"?>
<EDITS>
  <EDITS_VERSION>-63</EDITS_VERSION>
  <RECORD>
    <OPCODE>OP_START_LOG_SEGMENT</OPCODE>
    <DATA>
      <TXID>1</TXID>
    </DATA>
  </RECORD>
  <RECORD>
    <OPCODE>OP_MKDIR</OPCODE>
    <DATA>
      <TXID>2</TXID>
      <LENGTH>0</LENGTH>
      <INODEID>16386</INODEID>
      <PATH>/user</PATH>
      <TIMESTAMP>1534747299758</TIMESTAMP>
      <PERMISSION_STATUS>
        <USERNAME>atguigu</USERNAME>
        <GROUPNAME>supergroup</GROUPNAME>
        <MODE>493</MODE>
      </PERMISSION_STATUS>
    </DATA>
  </RECORD>
  <RECORD>
    <OPCODE>OP_MKDIR</OPCODE>
    <DATA>
      <TXID>3</TXID>
      <LENGTH>0</LENGTH>
      <INODEID>16387</INODEID>
      <PATH>/user/atguigu</PATH>
      <TIMESTAMP>1534747299772</TIMESTAMP>
      <PERMISSION_STATUS>
        <USERNAME>atguigu</USERNAME>
        <GROUPNAME>supergroup</GROUPNAME>
        <MODE>493</MODE>
      </PERMISSION_STATUS>
    </DATA>
  </RECORD>
  <RECORD>
    <OPCODE>OP_MKDIR</OPCODE>
    <DATA>
      <TXID>4</TXID>
      <LENGTH>0</LENGTH>
      <INODEID>16388</INODEID>
      <PATH>/user/atguigu/input</PATH>
      <TIMESTAMP>1534747299772</TIMESTAMP>
      <PERMISSION_STATUS>
        <USERNAME>atguigu</USERNAME>
        <GROUPNAME>supergroup</GROUPNAME>
        <MODE>493</MODE>
      </PERMISSION_STATUS>
    </DATA>
  </RECORD>
  <RECORD>
    <OPCODE>OP_ADD</OPCODE>
    <DATA>
      <TXID>5</TXID>
      <LENGTH>0</LENGTH>
      <INODEID>16389</INODEID>
      <PATH>/user/atguigu/input/xiaopan.txt._COPYING_</PATH>
      <REPLICATION>3</REPLICATION>
      <MTIME>1534747320131</MTIME>
      <ATIME>1534747320131</ATIME>
      <BLOCKSIZE>134217728</BLOCKSIZE>
      <CLIENT_NAME>DFSClient_NONMAPREDUCE_1395339633_1</CLIENT_NAME>
      <CLIENT_MACHINE>192.168.1.102</CLIENT_MACHINE>
      <OVERWRITE>true</OVERWRITE>
      <PERMISSION_STATUS>
        <USERNAME>atguigu</USERNAME>
        <GROUPNAME>supergroup</GROUPNAME>
        <MODE>420</MODE>
      </PERMISSION_STATUS>
      <RPC_CLIENTID>d70d2dec-1575-418d-85dd-6c0fc703f7dd</RPC_CLIENTID>
      <RPC_CALLID>3</RPC_CALLID>
    </DATA>
  </RECORD>
  <RECORD>
    <OPCODE>OP_ALLOCATE_BLOCK_ID</OPCODE>
    <DATA>
      <TXID>6</TXID>
      <BLOCK_ID>1073741825</BLOCK_ID>
    </DATA>
  </RECORD>
  <RECORD>
    <OPCODE>OP_SET_GENSTAMP_V2</OPCODE>
    <DATA>
      <TXID>7</TXID>
      <GENSTAMPV2>1001</GENSTAMPV2>
    </DATA>
  </RECORD>
  <RECORD>
    <OPCODE>OP_ADD_BLOCK</OPCODE>
    <DATA>
      <TXID>8</TXID>
      <PATH>/user/atguigu/input/xiaopan.txt._COPYING_</PATH>
      <BLOCK>
        <BLOCK_ID>1073741825</BLOCK_ID>
        <NUM_BYTES>0</NUM_BYTES>
        <GENSTAMP>1001</GENSTAMP>
      </BLOCK>
      <RPC_CLIENTID></RPC_CLIENTID>
      <RPC_CALLID>-2</RPC_CALLID>
    </DATA>
  </RECORD>
  <RECORD>
    <OPCODE>OP_CLOSE</OPCODE>
    <DATA>
      <TXID>9</TXID>
      <LENGTH>0</LENGTH>
      <INODEID>0</INODEID>
      <PATH>/user/atguigu/input/xiaopan.txt._COPYING_</PATH>
      <REPLICATION>3</REPLICATION>
      <MTIME>1534747321087</MTIME>
      <ATIME>1534747320131</ATIME>
      <BLOCKSIZE>134217728</BLOCKSIZE>
      <CLIENT_NAME></CLIENT_NAME>
      <CLIENT_MACHINE></CLIENT_MACHINE>
      <OVERWRITE>false</OVERWRITE>
      <BLOCK>
        <BLOCK_ID>1073741825</BLOCK_ID>
        <NUM_BYTES>31</NUM_BYTES>
        <GENSTAMP>1001</GENSTAMP>
      </BLOCK>
      <PERMISSION_STATUS>
        <USERNAME>atguigu</USERNAME>
        <GROUPNAME>supergroup</GROUPNAME>
        <MODE>420</MODE>
      </PERMISSION_STATUS>
    </DATA>
  </RECORD>
  <RECORD>
    <OPCODE>OP_RENAME_OLD</OPCODE>
    <DATA>
      <TXID>10</TXID>
      <LENGTH>0</LENGTH>
      <SRC>/user/atguigu/input/xiaopan.txt._COPYING_</SRC>
      <DST>/user/atguigu/input/xiaopan.txt</DST>
      <TIMESTAMP>1534747321101</TIMESTAMP>
      <RPC_CLIENTID>d70d2dec-1575-418d-85dd-6c0fc703f7dd</RPC_CLIENTID>
      <RPC_CALLID>9</RPC_CALLID>
    </DATA>
  </RECORD>
</EDITS>