<?xml version="1.0"?>
<fsimage>
	<NameSection>
		<genstampV1>1000</genstampV1>
		<genstampV2>1000</genstampV2>
		<genstampV1Limit>0</genstampV1Limit>
		<lastAllocatedBlockId>1073741824</lastAllocatedBlockId>
		<txid>0</txid>
	</NameSection>
	<INodeSection>
		<lastInodeId>16385</lastInodeId>
		<inode>
			<id>16385</id>
			<type>DIRECTORY</type>
			<name></name>
			<mtime>0</mtime>
			<permission>atguigu:supergroup:rwxr-xr-x</permission>
			<nsquota>9223372036854775807</nsquota>
			<dsquota>-1</dsquota>
		</inode>
	</INodeSection>
	<INodeReferenceSection></INodeReferenceSection>
	<SnapshotSection>
		<snapshotCounter>0</snapshotCounter>
	</SnapshotSection>
	<INodeDirectorySection></INodeDirectorySection>
	<FileUnderConstructionSection></FileUnderConstructionSection>
	<SnapshotDiffSection>
		<diff>
			<inodeid>16385</inodeid>
		</diff>
	</SnapshotDiffSection>
	<SecretManagerSection>
		<currentId>0</currentId>
		<tokenSequenceNumber>0</tokenSequenceNumber>
	</SecretManagerSection>
	<CacheManagerSection>
		<nextDirectiveId>1</nextDirectiveId>
	</CacheManagerSection>
</fsimage>